{
  "count": 74,
  "ours_vs_official": {
    "psnr": 20.39756546896958,
    "ssim": 0.7941628694534302,
    "mae": 0.0817021263662625
  },
  "ours_vs_original": {
    "psnr": 18.07579643364858,
    "ssim": 0.7946592569351196,
    "mae": 0.1108947304152959
  },
  "official_vs_original": {
    "psnr": 14.380824564440445,
    "ssim": 0.5910924673080444,
    "mae": 0.16512509309560866
  }
}