{
  "count": 74,
  "ours_vs_official": {
    "psnr": 14.551618438905116,
    "ssim": 0.6003766059875488,
    "mae": 0.16150513306461475
  },
  "ours_vs_original": {
    "psnr": 38.807425435923726,
    "ssim": 0.9604543447494507,
    "mae": 0.008570630084864821
  },
  "official_vs_original": {
    "psnr": 14.380824564440445,
    "ssim": 0.5910924673080444,
    "mae": 0.16512509309560866
  }
}